{
  "cnn_silhouette": 0.10475136339664459,
  "resnet_silhouette": -0.1186852753162384
}