{
  "threshold": 0.9908196658969676,
  "auc": 0.6572640000000001
}